x,y
-10.0,10.342731663373769
-9.98999499749875,9.719950392255619
-9.9799899949975,5.7747753036320315
-9.969984992496249,14.415369126925814
-9.959979989994997,13.752858729667437
-9.949974987493746,25.165453003870315
-9.939969984992496,28.78218354742365
-9.929964982491246,18.87792394132106
-9.919959979989995,16.358821616820265
-9.909954977488745,12.193728513166478
-9.899949974987495,12.849710929271012
-9.889944972486242,8.177500266181216
-9.879939969984992,8.452984797497168
-9.869934967483742,14.139035320695507
-9.859929964982491,23.341038213584195
-9.849924962481241,8.48046777408383
-9.83991995997999,25.111221455768533
-9.829914957478739,16.83872539076596
-9.819909954977488,20.81776711506737
-9.809904952476238,18.352449103096916
-9.799899949974987,28.685279518734095
-9.789894947473737,9.642781143859224
-9.779889944972487,6.478459329293017
-9.769884942471236,14.94123980039659
-9.759879939969984,9.163406886864083
-9.749874937468734,11.458333903953813
-9.739869934967484,8.337019512168727
-9.729864932466233,0.3990352107201053
-9.719859929964983,10.353381379973852
-9.709854927463732,-8.326351884170476
-9.699849924962482,-13.002031220167718
-9.68984492246123,-11.146815401314027
-9.67983991995998,-4.452807408496357
-9.66983491745873,-10.194383150335264
-9.659829914957479,2.320866245850188
-9.649824912456229,-7.423910365343475
-9.639819909954978,-12.463064411097484
-9.629814907453726,-17.392553602589675
-9.619809904952476,-15.48927749328135
-9.609804902451225,-9.12563942517052
-9.599799899949975,-13.736248210777648
-9.589794897448725,-26.021668835559982
-9.579789894947474,-10.737817701451197
-9.569784892446224,-26.12479014125964
-9.559779889944972,-27.716828318761614
-9.549774887443721,-12.932486801458342
-9.539769884942471,-10.225907017393464
-9.52976488244122,-16.624079883340034
-9.51975987993997,-22.646091748500364
-9.50975487743872,-18.31228456610566
-9.499749874937468,-18.16076828890025
-9.489744872436217,-24.007651489772364
-9.479739869934967,-21.726705572421874
-9.469734867433717,-17.88838566637316
-9.459729864932466,-6.763341957556122
-9.449724862431216,-7.283574183279303
-9.439719859929966,-15.253787541801493
-9.429714857428714,-6.672166297911183
-9.419709854927463,-11.609190956278788
-9.409704852426213,-14.728412523267231
-9.399699849924962,-1.0013846481149389
-9.389694847423712,-18.110713084786266
-9.379689844922462,-15.473479801644984
-9.369684842421211,-13.563008335863673
-9.35967983991996,-2.5015424761689022
-9.349674837418709,-2.54969208971388
-9.339669834917459,8.662625329393629
-9.329664832416208,7.359344828958597
-9.319659829914958,-7.414633606694492
-9.309654827413707,10.893464670616968
-9.299649824912457,-8.45180286329565
-9.289644822411205,15.889077579327406
-9.279639819909955,0.7077414403153466
-9.269634817408704,6.818620672732285
-9.259629814907454,5.675680160015779
-9.249624812406203,0.1249911071921887
-9.239619809904953,0.03835087949569704
-9.229614807403703,0.2222611775659571
-9.21960980490245,-4.202217419638333
-9.2096048024012,8.974649141580567
-9.19959979989995,-2.379213428993147
-9.1895947973987,-7.080935448306945
-9.17958979489745,2.135447908717571
-9.169584792396199,-9.559863298637564
-9.159579789894947,1.555649629969373
-9.149574787393696,-5.575557520543477
-9.139569784892446,1.82773397755662
-9.129564782391196,9.97818870798329
-9.119559779889945,4.462702873492484
-9.109554777388695,-3.899776393841133
-9.099549774887445,6.915397225985296
-9.089544772386192,0.1416810322109412
-9.079539769884942,-5.988003250525385
-9.069534767383692,-4.831546113703794
-9.059529764882441,-9.316581171798742
-9.049524762381191,-14.342752715258147
-9.03951975987994,-9.10704446352401
-9.029514757378688,-10.457141855156241
-9.019509754877438,-4.452265918494458
-9.009504752376188,-18.936699461260776
-8.999499749874937,2.1974527491661426
-8.989494747373687,2.0851758299259924
-8.979489744872437,-5.739122952761964
-8.969484742371186,6.406210064685604
-8.959479739869934,-0.7927465133611395
-8.949474737368684,0.7855426662926226
-8.939469734867433,4.973573403529167
-8.929464732366183,10.181211899682314
-8.919459729864933,-1.9337937260297173
-8.909454727363682,13.440730630182827
-8.899449724862432,15.718188452175323
-8.88944472236118,3.055635418966165
-8.87943971985993,15.887931706560083
-8.86943471735868,12.801335564187582
-8.859429714857429,17.46709972715108
-8.849424712356178,12.241024750172231
-8.839419709854928,6.078645724115399
-8.829414707353678,15.408222089824172
-8.819409704852426,-1.7806002507492709
-8.809404702351175,10.043464041990335
-8.799399699849925,24.307068133363533
-8.789394697348675,15.629189941456774
-8.779389694847424,28.756447515978557
-8.769384692346174,27.149789710668188
-8.759379689844923,20.67538886715321
-8.749374687343671,26.575030366901093
-8.739369684842421,18.344426333214834
-8.72936468234117,29.210840503942144
-8.71935967983992,28.868000144256467
-8.70935467733867,17.228780650402467
-8.69934967483742,15.957217765942994
-8.689344672336167,22.392549292666885
-8.679339669834917,14.471908406813572
-8.669334667333667,26.895015949593827
-8.659329664832416,24.033561035067475
-8.649324662331166,15.921082346650733
-8.639319659829916,9.00854524582138
-8.629314657328663,20.328184851749345
-8.619309654827413,14.140345604324168
-8.609304652326163,16.425984381460605
-8.599299649824912,-1.6775137893176248
-8.589294647323662,13.45937378936043
-8.579289644822412,7.990414688682895
-8.569284642321161,11.135972977725274
-8.55927963981991,1.5382788978946724
-8.549274637318659,2.1648166859544444
-8.539269634817408,-2.8071863038464966
-8.529264632316158,-7.691060699372998
-8.519259629814908,-2.1471350171770043
-8.509254627313657,-20.787295160315605
-8.499249624812407,-4.257123156830446
-8.489244622311155,-1.6762596315750398
-8.479239619809904,-1.7943158278928355
-8.469234617308654,-6.83320798595772
-8.459229614807404,-6.833149721160696
-8.449224612306153,-15.475295248750468
-8.439219609804903,3.3039664954884675
-8.429214607303653,-19.25951406935806
-8.4192096048024,-16.909144358561115
-8.40920460230115,-5.294019164679224
-8.3991995997999,-7.275262575266758
-8.38919459729865,7.748729553323796
-8.379189594797399,3.1494233200706088
-8.369184592296149,-8.059457410814556
-8.359179589794898,-11.561926524524253
-8.349174587293646,-19.663883298160094
-8.339169584792396,-16.504800642650917
-8.329164582291146,-8.059918195951866
-8.319159579789895,-3.913641189435979
-8.309154577288645,-6.150556305825887
-8.299149574787394,-11.10031719971851
-8.289144572286144,-16.844187444214498
-8.279139569784892,-3.8494886577480485
-8.269134567283642,-0.49610341173783357
-8.259129564782391,-1.5741365814004908
-8.24912456228114,-2.861103239963911
-8.23911955977989,6.567692478643842
-8.229114557278638,5.00846797522486
-8.219109554777388,2.9406038913334216
-8.209104552276138,-10.45110833287341
-8.199099549774887,-10.555581342083606
-8.189094547273637,-7.4481185653659026
-8.179089544772387,3.0099155135442284
-8.169084542271136,-10.00136157934044
-8.159079539769884,-11.580264135944178
-8.149074537268634,-7.363633291622194
-8.139069534767383,-5.734943314456016
-8.129064532266133,-7.52731245364715
-8.119059529764883,-6.917817320449321
-8.109054527263632,-13.097734550942222
-8.099049524762382,-4.187785149350211
-8.08904452226113,1.5724597810552086
-8.07903951975988,-1.5284050409380314
-8.069034517258629,-3.4238759521848725
-8.059029514757379,-2.3056267515082007
-8.049024512256128,-2.091029078510117
-8.039019509754878,-7.262029991031623
-8.029014507253628,-4.492957064005391
-8.019009504752376,-2.5446592421187852
-8.009004502251125,-13.559189357986126
-7.998999499749875,-10.464962921187611
-7.988994497248624,-5.72453016248636
-7.978989494747374,-6.953089397763501
-7.968984492246124,-8.6801759379585
-7.9589794897448725,-10.810126331473823
-7.948974487243621,2.4929161905442454
-7.938969484742371,-4.261229439106737
-7.9289644822411205,-10.072880840800929
-7.91895947973987,-19.176048040468654
-7.90895447723862,2.3631529275066656
-7.8989494747373685,3.1678936796469754
-7.888944472236118,-6.870273915130946
-7.878939469734867,4.072281336224665
-7.868934467233617,4.345164088585072
-7.858929464732366,-2.7821979312889322
-7.848924462231116,-6.249582546505895
-7.8389194597298655,-0.9709652892852083
-7.828914457228614,-5.164330354793848
-7.818909454727364,2.0840500927970695
-7.808904452226113,-3.9870598903452916
-7.798899449724862,0.6910403632188671
-7.788894447223612,13.105026439219422
-7.7788894447223615,-0.4245795854736356
-7.768884442221111,4.672321356717074
-7.75887943971986,11.122470270902326
-7.74887443721861,12.093821112763111
-7.738869434717358,17.090278445645833
-7.728864432216108,15.847157658058821
-7.718859429714858,25.1454352735453
-7.708854427213607,19.375158836272227
-7.698849424712357,16.31186007445261
-7.688844422211106,3.902761982408818
-7.678839419709854,16.68012966589454
-7.668834417208604,18.89350564983146
-7.658829414707354,17.974073671293247
-7.648824412206103,4.450433446449768
-7.638819409704853,22.4278944952786
-7.628814407203602,11.773737199392484
-7.618809404702351,4.99467730688893
-7.6088044022011,5.886113368313493
-7.59879939969985,14.814415992019175
-7.588794397198599,13.825570810713298
-7.578789394697349,15.073199345615182
-7.568784392196099,16.134880623682214
-7.558779389694847,18.411461465500686
-7.548774387193597,2.5592118335758345
-7.538769384692346,7.545728262884531
-7.5287643821910955,14.516261584388182
-7.518759379689845,13.521824111529641
-7.508754377188595,14.308115248880172
-7.498749374687344,1.7373537170790163
-7.488744372186093,14.078584504190827
-7.478739369684842,18.706423844553093
-7.4687343671835915,22.082292220214722
-7.458729364682341,9.247725996994442
-7.448724362181091,21.12708307241862
-7.43871935967984,8.315810979694884
-7.428714357178589,10.667400228697753
-7.418709354677339,13.718945634112758
-7.408704352176088,9.780173937438512
-7.398699349674837,10.542184184475435
-7.388694347173587,15.5173001316754
-7.3786893446723365,15.69891155800489
-7.368684342171086,15.823637638533741
-7.358679339669835,3.7731144266288545
-7.3486743371685845,19.401575975639414
-7.338669334667333,6.241597126963737
-7.328664332166083,15.19015090372417
-7.318659329664833,12.576908071220071
-7.308654327163582,11.036566754936324
-7.298649324662332,11.261437871054056
-7.288644322161081,13.834913485523236
-7.278639319659829,16.41092614352504
-7.268634317158579,18.15959012595879
-7.258629314657329,5.775962484697813
-7.248624312156078,22.628859723300952
-7.238619309654828,9.101820605389715
-7.228614307153577,10.523849437532727
-7.218609304652326,2.627344181816892
-7.208604302151075,14.89064084035478
-7.198599299649825,3.2000354779160656
-7.188594297148574,16.196538277469312
-7.178589294647324,-2.3920730137779533
-7.168584292146074,-3.0572274343575625
-7.158579289644822,5.396487699170053
-7.148574287143572,1.8503967518835767
-7.138569284642321,11.039165314987486
-7.12856428214107,-3.696843992218746
-7.11855927963982,0.6736075483594814
-7.10855427713857,-5.641299397128035
-7.098549274637319,-12.863029909649722
-7.088544272136068,-13.710251251262918
-7.078539269634817,-9.979327648494401
-7.0685342671335665,-13.59449018011582
-7.058529264632316,-14.748556942906763
-7.048524262131066,-4.636174252127061
-7.038519259629815,-10.558985492996044
-7.028514257128564,-24.901050793722725
-7.018509254627314,-19.738712918632146
-7.0085042521260625,-20.515835210914535
-6.998499249624812,-23.16745885557659
-6.988494247123562,-18.234117044455036
-6.9784892446223115,-20.800416044564496
-6.968484242121061,-32.631150375876814
-6.95847923961981,-23.876881752652405
-6.9484742371185595,-27.00611499153358
-6.938469234617308,-18.364420526113847
-6.928464232116058,-18.89736224187779
-6.9184592296148075,-22.816535999926415
-6.908454227113557,-9.01928091267361
-6.898449224612307,-17.75797469667139
-6.888444222111056,-20.822173527452083
-6.878439219609805,-13.49206659353082
-6.868434217108554,-15.110244249094874
-6.858429214607304,-18.697859233120116
-6.848424212106053,-5.993900053773481
-6.838419209604803,-5.068938345427979
-6.8284142071035525,-1.5537211715843573
-6.818409204602301,11.001678838110802
-6.80840420210105,-3.475016092623629
-6.7983991995998,-16.55544402320496
-6.788394197098549,-4.1885345557957505
-6.778389194597299,-5.036789112405049
-6.768384192096049,1.452617669850762
-6.758379189594797,4.441912302329227
-6.748374187093547,3.146993139795194
-6.738369184592296,-5.7705266076480655
-6.728364182091045,-0.8749524311930426
-6.718359179589795,10.401664456396336
-6.708354177088545,-0.8238336372141393
-6.698349174587294,11.945044072024238
-6.688344172086043,5.629164425053712
-6.678339169584793,5.276919399897369
-6.668334167083541,15.882329332596226
-6.658329164582291,7.350729696712051
-6.648324162081041,7.731490864448855
-6.63831915957979,11.542790309095324
-6.62831415707854,6.427116493378208
-6.618309154577289,1.1751867796988569
-6.6083041520760375,0.1990888736913039
-6.598299149574787,13.26376417935935
-6.588294147073537,-2.119809589053867
-6.578289144572286,3.427846296530642
-6.568284142071036,-0.7042287365571445
-6.558279139569785,4.105739375989652
-6.5482741370685345,12.136093738876731
-6.538269134567283,-2.39924205544518
-6.528264132066033,-0.8699980180271183
-6.5182591295647825,-0.17350585863070211
-6.508254127063532,-2.902766772577631
-6.498249124562282,0.4299676975445132
-6.4882441220610305,2.4220856728500517
-6.47823911955978,-2.7338184638330274
-6.468234117058529,-6.494070851365631
-6.4582291145572785,-3.7105443244482865
-6.448224112056028,14.924778185072629
-6.438219109554778,-7.326019615718443
-6.4282141070535275,-1.4339811816659238
-6.418209104552276,9.851643611930655
-6.408204102051025,-5.212503374633195
-6.398199099549775,13.113825328664227
-6.388194097048524,-11.583267534303669
-6.378189094547274,5.9777363198080025
-6.3681840920460235,8.93711887223046
-6.358179089544772,13.938107798294281
-6.348174087043522,3.6945131558120705
-6.338169084542271,15.164497923293084
-6.32816408204102,9.719428317151625
-6.31815907953977,13.810909483734818
-6.30815407703852,0.17582501723136224
-6.298149074537269,12.740104454642404
-6.288144072036018,11.712352469717139
-6.278139069534768,16.165000076795735
-6.268134067033516,18.01779156850817
-6.258129064532266,-0.4040325280394823
-6.248124062031016,14.318069911551365
-6.238119059529765,10.585154729598766
-6.228114057028515,18.878999807372118
-6.218109054527264,28.65411576819086
-6.2081040520260125,21.07926870866928
-6.198099049524762,20.29557081268805
-6.188094047023512,27.98491145288653
-6.178089044522261,24.93326442645816
-6.168084042021011,27.036599250391614
-6.15807903951976,36.653523031624694
-6.148074037018509,26.099490647310247
-6.138069034517258,26.733938679347233
-6.128064032016008,37.72571282571701
-6.118059029514757,27.72118507177383
-6.108054027013507,14.07047440712522
-6.098049024512257,13.752002904957582
-6.0880440220110055,23.203893118593307
-6.078039019509755,14.785292580607297
-6.068034017008504,14.324944105809733
-6.0580290145072535,6.182445021396044
-6.048024012006003,13.270506012155149
-6.038019009504753,24.162310067093372
-6.028014007003502,9.750709238523026
-6.018009004502251,9.222681783234659
-6.008004002001001,5.900805233994838
-5.99799899949975,8.296342291752193
-5.987993996998499,4.057293738506966
-5.977988994497249,12.939979804348754
-5.9679839919959985,0.1261497644892427
-5.957978989494747,2.2799343689432794
-5.947973986993497,-6.275441939494237
-5.9379689844922465,-4.137017690243727
-5.927963981990995,-16.236613166726343
-5.917958979489745,-17.440115458160417
-5.907953976988495,1.339800559992646
-5.897948974487243,-1.7154267562167087
-5.887943971985993,1.2382563998416622
-5.877938969484743,-11.018751412409785
-5.867933966983492,-20.02876497976251
-5.857928964482241,-9.848702858377424
-5.847923961980991,-22.67180006803624
-5.83791895947974,-8.202581632253052
-5.827913956978489,-21.45598742026825
-5.817908954477239,-4.939213827092889
-5.807903951975988,-19.71279667076174
-5.797898949474737,-10.553752941613551
-5.787893946973487,0.8984511708094531
-5.777888944472236,-22.8968450194498
-5.767883941970986,-7.677708649003323
-5.757878939469735,-10.409301894212447
-5.747873936968484,-0.7387267468451892
-5.737868934467234,-20.596284890022535
-5.727863931965983,-18.12260481647115
-5.717858929464732,1.2461923353252655
-5.707853926963482,-1.2060477216712684
-5.697848924462232,-6.31415256725511
-5.68784392196098,-7.74193884534399
-5.67783891945973,0.8760174391670157
-5.66783391695848,-6.802292750745016
-5.6578289144572285,-3.0337201558662636
-5.647823911955978,-5.628223012829063
-5.637818909454728,1.0625627498978027
-5.6278139069534765,7.183131754892539
-5.617808904452226,3.8617671665278426
-5.607803901950976,4.995211536105757
-5.597798899449725,3.1085480147626265
-5.587793896948474,2.0645290189922703
-5.577788894447224,11.365317341166172
-5.5677838919459735,-11.179631706427093
-5.557778889444722,1.0568125106191864
-5.547773886943472,-5.562037109622226
-5.5377688844422215,-6.828875071446952
-5.52776388194097,-0.09854611459478968
-5.51775887943972,-2.214347979526261
-5.5077538769384695,8.005204097675263
-5.497748874437219,-4.315678136653904
-5.487743871935968,-2.9777504023422825
-5.4777388694347176,7.2381815486956675
-5.467733866933467,-9.133154556544765
-5.457728864432216,-0.8502180021577432
-5.447723861930966,2.3877496958597426
-5.437718859429715,-2.2029706704224363
-5.427713856928464,-3.1512024005420463
-5.417708854427214,-5.33286755313576
-5.407703851925963,-2.749589183965555
-5.397698849424713,-13.085457896536854
-5.387693846923462,15.108146002695987
-5.377688844422211,-12.471989349641225
-5.367683841920961,-4.767582707925881
-5.35767883941971,0.15838951657071654
-5.347673836918459,-8.350381609769215
-5.337668834417209,-10.287710878025187
-5.327663831915958,-11.637023357675165
-5.317658829414707,4.590597679943863
-5.307653826913457,2.1597226983727404
-5.297648824412207,1.4442641494341417
-5.287643821910955,-3.730888169245201
-5.277638819409705,-1.76782778194374
-5.267633816908455,7.682875303106666
-5.257628814407203,4.759255485506417
-5.247623811905953,0.7238396378507463
-5.237618809404703,-1.3139740214936895
-5.2276138069034515,-4.2457397604514
-5.217608804402201,1.6211476610058466
-5.207603801900951,16.376348742226774
-5.1975987993997,-3.535329222730657
-5.187593796898449,8.690861929113629
-5.177588794397199,8.260024804036759
-5.167583791895948,6.1182808137625315
-5.157578789394697,17.174704879569454
-5.147573786893447,25.883061551815636
-5.137568784392196,19.830417887536143
-5.127563781890945,8.770709928944836
-5.117558779389695,27.62177809527455
-5.1075537768884445,29.595939129184284
-5.097548774387194,21.266786371507155
-5.087543771885943,13.950742969389275
-5.0775387693846925,33.61129849055912
-5.067533766883442,15.196024260543718
-5.057528764382191,22.135658168551622
-5.0475237618809405,22.67622504016252
-5.03751875937969,19.92045779913451
-5.027513756878439,22.378929457221336
-5.017508754377189,21.411732159070567
-5.007503751875938,8.03460998936113
-4.997498749374688,10.449440976080034
-4.987493746873437,9.957216039135426
-4.977488744372186,14.506252137017329
-4.967483741870936,18.704201750903056
-4.957478739369685,21.84520461068889
-4.947473736868434,19.35515322261866
-4.937468734367184,8.762808262288377
-4.927463731865933,20.615263625787506
-4.917458729364682,6.032368953011302
-4.907453726863432,4.991063817620566
-4.897448724362182,22.60622859278959
-4.88744372186093,12.124383250822497
-4.87743871935968,4.741481485270482
-4.86743371685843,1.1560470217930492
-4.857428714357178,9.627622930458243
-4.847423711855928,-2.7648600293468553
-4.837418709354678,-3.2810006652093833
-4.827413706853427,-1.9990630735550905
-4.817408704352176,3.8851470932936962
-4.807403701850926,12.322000168253844
-4.797398699349675,20.456478151397725
-4.787393696848424,0.7176858501968182
-4.777388694347174,4.690041947417887
-4.767383691845923,17.143663170881755
-4.757378689344672,4.0922215242900215
-4.747373686843422,1.7531619262779823
-4.737368684342171,5.29383596423811
-4.727363681840921,-6.1790152790669834
-4.71735867933967,-0.4352008228831754
-4.707353676838419,-5.264814079564147
-4.697348674337169,-1.2771337249322063
-4.687343671835918,6.387303700888381
-4.6773386693346675,10.464913078393636
-4.667333666833417,-13.599859697124078
-4.657328664332166,-6.205231386900726
-4.6473236618309155,4.284718315272126
-4.637318659329665,5.009689680141739
-4.627313656828415,5.214129442534899
-4.6173086543271635,-5.42870576561727
-4.607303651825913,11.854201933562491
-4.597298649324663,-5.480888727220603
-4.587293646823412,3.329318809881108
-4.577288644322161,6.892653425478233
-4.567283641820911,0.47346065065406184
-4.55727863931966,-8.120532302926842
-4.547273636818409,-10.10490836993126
-4.537268634317159,-10.781651563167511
-4.5272636318159085,-14.89972929153342
-4.517258629314657,-3.547176377531305
-4.507253626813407,-4.878951465852026
-4.4972486243121566,-10.575562522071928
-4.487243621810905,-13.938249367259377
-4.477238619309655,-9.73361816207765
-4.467233616808405,-5.589559130760282
-4.457228614307153,-10.829148481516032
-4.447223611805903,-9.579093262710318
-4.437218609304653,-15.439345783874794
-4.427213606803402,-12.253695569764277
-4.417208604302151,-15.489211065608636
-4.407203601800901,-22.431097294702557
-4.39719859929965,-0.8726462377272195
-4.387193596798399,-18.543620794382928
-4.377188594297149,-9.489506540850778
-4.367183591795898,-17.780476471025946
-4.357178589294647,-14.793517722829291
-4.347173586793397,-21.140736041414005
-4.337168584292146,-10.752771352590466
-4.327163581790896,-11.769462934171345
-4.317158579289645,-14.952988592770572
-4.307153576788394,-14.21623232084216
-4.297148574287144,-10.68055580896374
-4.287143571785893,-15.601195233954279
-4.277138569284642,-12.159631017331758
-4.267133566783392,-13.526187505455859
-4.257128564282141,8.338086672693121
-4.2471235617808905,-2.6106266440515817
-4.23711855927964,-20.54281517373911
-4.22711355677839,13.899535392622033
-4.2171085542771385,-13.98835673293568
-4.207103551775888,13.289418281779842
-4.197098549274638,1.0519468132030037
-4.1870935467733865,3.905940394645969
-4.177088544272136,7.090063238393248
-4.167083541770886,5.868958213694292
-4.1570785392696346,9.292520797982787
-4.147073536768384,1.2644395331141007
-4.137068534267134,-7.576177129305772
-4.1270635317658835,8.34544463883384
-4.117058529264632,10.496438467057164
-4.107053526763382,10.288817546963118
-4.0970485242621315,13.529422240991494
-4.08704352176088,15.500937441944743
-4.07703851925963,15.275554563285155
-4.0670335167583795,20.674094250398262
-4.057028514257128,10.259959470020958
-4.047023511755878,11.000506166669284
-4.037018509254628,17.908400880642937
-4.027013506753377,14.731464878824255
-4.017008504252126,17.741910108125122
-4.007003501750876,12.952944225894592
-3.9969984992496252,13.799753886288958
-3.986993496748374,18.135564730183525
-3.9769884942471236,0.3740682753422102
-3.9669834917458733,-0.6733531118052909
-3.956978489244623,1.322942678858749
-3.9469734867433717,11.03295764197026
-3.9369684842421213,-0.4793884437339617
-3.926963481740871,5.368164755246238
-3.9169584792396197,6.893349432285479
-3.9069534767383693,6.734269411146046
-3.896948474237119,13.173409340494967
-3.8869434717358677,6.537135163088479
-3.8769384692346174,0.8285187245715919
-3.866933466733367,12.179032051683278
-3.8569284642321167,11.699615542230818
-3.8469234617308654,8.43120981929573
-3.836918459229615,6.98588733818038
-3.8269134567283647,0.16611678244614536
-3.8169084542271134,-1.8774555109049995
-3.806903451725863,-4.109803458088232
-3.7968984492246127,4.2687481303181265
-3.7868934467233615,13.214515434832773
-3.776888444222111,11.966905534587005
-3.7668834417208608,1.4505575176418324
-3.7568784392196104,9.983880357672273
-3.746873436718359,16.08612339669261
-3.736868434217109,8.982919209192165
-3.7268634317158584,24.042548456718492
-3.716858429214607,17.217080419301148
-3.706853426713357,7.867156060697113
-3.6968484242121065,21.449211955477985
-3.686843421710855,24.13269095265991
-3.676838419209605,17.971281915069486
-3.6668334167083545,20.49118950351267
-3.656828414207104,14.078899500384955
-3.646823411705853,20.666924760203944
-3.6368184092046025,12.275638098597259
-3.626813406703352,21.341382691144556
-3.616808404202101,21.59431389625932
-3.6068034017008506,27.426316058092066
-3.5967983991996,29.871960787184097
-3.586793396698349,15.45923798307216
-3.5767883941970986,31.098305824917997
-3.5667833916958482,29.212239717890846
-3.556778389194598,27.52364879657989
-3.5467733866933466,15.7319096436973
-3.5367683841920963,16.69785558217755
-3.526763381690846,29.25398506474465
-3.5167583791895947,17.25895494622923
-3.5067533766883443,19.105839455385972
-3.496748374187094,11.148131179151694
-3.4867433716858427,13.998093389707684
-3.4767383691845923,9.52943888409164
-3.466733366683342,6.806679095513724
-3.4567283641820916,14.123887111886301
-3.4467233616808404,14.480694791650302
-3.43671835917959,3.5819930440531973
-3.4267133566783397,0.5244241331134081
-3.4167083541770884,0.6675431094683877
-3.406703351675838,-0.7158293464630163
-3.3966983491745877,-5.529900870767138
-3.3866933466733364,-8.643225245097323
-3.376688344172086,-14.755163405850343
-3.3666833416708357,-7.1544128404223475
-3.3566783391695854,-8.34427065127191
-3.346673336668334,-2.852096992196259
-3.3366683341670837,-11.59010038380798
-3.3266633316658334,-13.088842384087743
-3.316658329164582,-18.099349799072954
-3.306653326663332,-28.81189248203916
-3.2966483241620814,-18.374538211941807
-3.28664332166083,-17.80628969226789
-3.27663831915958,-20.63310835620998
-3.2666333166583295,-23.31783226074562
-3.256628314157079,-18.78003714223685
-3.246623311655828,-29.883215085145594
-3.2366183091545775,-9.454629008515447
-3.226613306653327,-7.369639965423021
-3.216608304152076,-35.58079137418821
-3.2066033016508255,-14.020183943836207
-3.196598299149575,-19.571062238998024
-3.186593296648324,-10.935910672453826
-3.1765882941470736,-15.027792298123869
-3.166583291645823,-19.406219287643466
-3.156578289144573,-5.757598862137861
-3.1465732866433216,-13.447340647171877
-3.1365682841420712,-5.908771432852725
-3.126563281640821,9.05351759023655
-3.1165582791395696,-6.686124153468355
-3.1065532766383193,-9.320078894956861
-3.096548274137069,-11.351406802299262
-3.0865432716358185,-7.072660009459998
-3.0765382691345673,-4.538607626102683
-3.066533266633317,3.4357099459731644
-3.0565282641320666,-1.3377398186681329
-3.0465232616308153,10.389613723585963
-3.036518259129565,7.7493295409229805
-3.0265132566283146,9.629724873980484
-3.0165082541270634,7.35899012155693
-3.006503251625813,7.555700068522474
-2.9964982491245626,14.485334421745886
-2.9864932466233123,-0.45075940717422514
-2.976488244122061,16.2522188355722
-2.9664832416208107,5.568435234428922
-2.9564782391195603,-3.5953483680250042
-2.946473236618309,12.198256264719516
-2.9364682341170587,5.846252458848624
-2.9264632316158083,6.852305200032919
-2.916458229114557,3.0560754741949774
-2.9064532266133067,5.217039843482937
-2.8964482241120564,3.903726067089482
-2.886443221610806,10.450960889618647
-2.8764382191095548,-11.881083444658856
-2.8664332166083044,10.012361174876181
-2.856428214107054,7.7138392198651315
-2.846423211605803,-2.1855340335205433
-2.8364182091045524,0.3530578331215217
-2.826413206603302,8.145904415478698
-2.816408204102051,0.013122192507490471
-2.8064032016008005,-7.179533410951741
-2.79639819909955,-8.32544990322187
-2.7863931965982998,-5.0320920712042145
-2.7763881940970485,-7.302750906798973
-2.766383191595798,4.17674244911496
-2.756378189094548,-10.072587569490903
-2.7463731865932965,-5.922234264945395
-2.736368184092046,-7.1942175782313615
-2.726363181590796,-13.128351369707268
-2.7163581790895446,4.818192147242721
-2.706353176588294,9.491519442159543
-2.696348174087044,9.28803883054306
-2.6863431715857935,-8.032948364877836
-2.6763381690845423,-4.909731152264951
-2.666333166583292,7.740341797006744
-2.6563281640820415,4.729893668100493
-2.6463231615807903,3.426430658841112
-2.63631815907954,7.6796352442880025
-2.6263131565782896,10.107494909218694
-2.6163081540770383,4.7494245884475665
-2.606303151575788,30.040355915153093
-2.5962981490745376,6.723399271676477
-2.5862931465732872,17.23064945471448
-2.576288144072036,5.437676340448591
-2.5662831415707856,14.400817607264829
-2.5562781390695353,20.763486001448896
-2.546273136568284,20.27288804798299
-2.5362681340670337,21.02721428770182
-2.5262631315657833,19.362025660195126
-2.516258129064532,24.062911505060832
-2.5062531265632817,21.020182846045163
-2.4962481240620313,12.998470672474495
-2.486243121560781,17.392491132561613
-2.4762381190595297,25.724255447111904
-2.4662331165582794,22.665535827278905
-2.456228114057029,7.691470179109889
-2.4462231115557778,27.332734701357445
-2.4362181090545274,27.114436271891392
-2.426213106553277,18.87907778964564
-2.416208104052026,24.346750144689526
-2.4062031015507754,20.84085381779242
-2.396198099049525,18.426039824452175
-2.3861930965482747,20.461247509451418
-2.3761880940470235,11.760617512652189
-2.366183091545773,24.227684083888647
-2.3561780890445227,11.754507371537473
-2.3461730865432715,16.36003656787938
-2.336168084042021,19.057554607704134
-2.326163081540771,8.50808003670002
-2.3161580790395195,21.301266034436274
-2.306153076538269,12.75778112972192
-2.296148074037019,6.965301923667069
-2.2861430715357685,1.4442464142675728
-2.276138069034517,18.595517789075412
-2.266133066533267,4.7043441400954515
-2.2561280640320165,9.421763700821714
-2.2461230615307652,-6.568796303014618
-2.236118059029515,15.944590367715882
-2.2261130565282645,10.06723442984618
-2.216108054027014,0.8919661533148249
-2.206103051525763,2.5686533379390624
-2.1960980490245126,-4.126177811056815
-2.186093046523262,1.2671825212371297
-2.176088044022011,-1.5544548970822525
-2.1660830415207606,-10.40344816423277
-2.1560780390195102,-6.919815463667664
-2.146073036518259,-9.409692570508431
-2.1360680340170086,-9.381286104903218
-2.1260630315157583,-0.30549304188096005
-2.116058029014508,-12.361761649880055
-2.1060530265132567,8.704229645174973
-2.0960480240120063,-10.062118016871281
-2.086043021510756,-5.854721895914702
-2.0760380190095047,-1.8923988706449446
-2.0660330165082543,-17.7983837622958
-2.056028014007004,4.482922932976628
-2.0460230115057527,-8.707208552008412
-2.0360180090045024,-1.6761035103119113
-2.026013006503252,-3.041107395354694
-2.0160080040020016,-1.2641119898625783
-2.0060030015007504,10.831606332632344
-1.9959979989994991,-0.42826288567548954
-1.9859929964982488,-1.597519922319984
-1.9759879939969984,0.9005003720652465
-1.965982991495748,-7.999876468259188
-1.9559779889944977,4.200429193147605
-1.9459729864932473,-0.11090009277451207
-1.935967983991997,-3.099983336698887
-1.9259629814907449,-5.192495845168136
-1.9159579789894945,-3.3149982498440362
-1.9059529764882441,-7.804515517468967
-1.8959479739869938,1.0998582323516275
-1.8859429714857434,7.484092349370643
-1.875937968984493,-6.789364378246687
-1.8659329664832427,-0.09655053678389636
-1.8559279639819906,9.80482217170752
-1.8459229614807402,4.084321040108481
-1.8359179589794898,-2.334359207293833
-1.8259129564782395,-2.73647347102159
-1.8159079539769891,-7.7885338886606545
-1.8059029514757388,-5.052719915914798
-1.7958979489744866,-8.646293388547829
-1.7858929464732363,-4.869936944809776
-1.775887943971986,2.9150663694112047
-1.7658829414707355,-5.389473899902397
-1.7558779389694852,7.999988995529461
-1.7458729364682348,-6.145091967766601
-1.7358679339669845,-0.06588333394602053
-1.7258629314657323,-11.218685525457259
-1.715857928964482,-8.773857625496289
-1.7058529264632316,-8.537744504377883
-1.6958479239619813,-7.7448928635961884
-1.685842921460731,-1.8412362201972574
-1.6758379189594805,-9.724462171943198
-1.6658329164582302,-13.688463024722926
-1.655827913956978,-6.347265074135916
-1.6458229114557277,2.1359667582789466
-1.6358179089544773,11.761872385352454
-1.625812906453227,-9.88588179888499
-1.6158079039519766,-6.051352510896499
-1.6058029014507262,1.3876190709867449
-1.595797898949474,17.51369509681885
-1.5857928964482237,-3.1976540872858354
-1.5757878939469734,2.8552819017362436
-1.565782891445723,10.590670174962442
-1.5557778889444727,4.881305538704772
-1.5457728864432223,6.749499079320895
-1.535767883941972,13.664302431085366
-1.5257628814407198,10.943321253017439
-1.5157578789394694,4.794324119696517
-1.505752876438219,-1.7001208493862812
-1.4957478739369687,9.661372474385256
-1.4857428714357184,13.92173431968862
-1.475737868934468,-5.766241362656416
-1.4657328664332177,21.49108711627885
-1.4557278639319655,17.6454005273914
-1.4457228614307152,5.6137749543800375
-1.4357178589294648,14.198676237393308
-1.4257128564282144,29.87406989530928
-1.415707853926964,20.970394770002894
-1.4057028514257137,12.805623106741288
-1.3956978489244634,18.93993342879556
-1.3856928464232112,-2.657353209726737
-1.3756878439219609,10.259322822768851
-1.3656828414207105,20.22711989171452
-1.3556778389194601,4.29120664548938
-1.3456728364182098,12.092980141447311
-1.3356678339169594,5.176713375930762
-1.3256628314157073,17.66993286120716
-1.315657828914457,5.474320135465487
-1.3056528264132066,14.907756816727655
-1.2956478239119562,12.484553120386103
-1.2856428214107058,7.16608116647749
-1.2756378189094555,11.447171917386184
-1.2656328164082051,10.154133863360236
-1.255627813906953,15.662129277671763
-1.2456228114057026,9.293969502175385
-1.2356178089044523,5.313847693196022
-1.225612806403202,15.025980119271765
-1.2156078039019516,18.209273028620323
-1.2056028014007012,17.3752319618125
-1.1955977988994508,12.376566784360776
-1.1855927963981987,17.99462450436496
-1.1755877938969483,5.079268304378418
-1.165582791395698,26.462615381957335
-1.1555777888944476,22.464976153976117
-1.1455727863931973,6.183072008406482
-1.135567783891947,8.420838816459458
-1.1255627813906948,7.833543419352711
-1.1155577788894444,26.68958589323276
-1.105552776388194,10.007428863737848
-1.0955477738869437,21.60069219338296
-1.0855427713856933,17.149980063267733
-1.075537768884443,25.89688561342651
-1.0655327663831926,11.421685215715357
-1.0555277638819405,17.948463288288906
-1.0455227613806901,6.402868103533236
-1.0355177588794398,16.86276976002111
-1.0255127563781894,26.9607270293783
-1.015507753876939,15.946962453413244
-1.0055027513756887,16.55990368925113
-0.9954977488744383,6.101056399096249
-0.9854927463731862,20.526120553139524
-0.9754877438719358,5.01485856765643
-0.9654827413706855,9.792934376584164
-0.9554777388694351,8.772263013902805
-0.9454727363681847,3.4792575324205828
-0.9354677338669344,13.091556437822117
-0.9254627313656822,21.399779033491487
-0.9154577288644319,7.062460576533208
-0.9054527263631815,4.812553990955631
-0.8954477238619312,8.355242016504828
-0.8854427213606808,3.3206789434536312
-0.8754377188594304,6.869303975001011
-0.8654327163581801,-3.519347027954836
-0.855427713856928,-7.842439592832489
-0.8454227113556776,-5.1090407141012655
-0.8354177088544272,3.0221600576603604
-0.8254127063531769,-4.335387427094171
-0.8154077038519265,-0.4017880596979033
-0.8054027013506762,-3.728206704050633
-0.7953976988494258,-6.358430362470514
-0.7853926963481737,-4.475650928235169
-0.7753876938469233,-11.426254313264039
-0.7653826913456729,-4.715862968250451
-0.7553776888444226,-23.302201514260958
-0.7453726863431722,-5.540488079132611
-0.7353676838419219,-9.957090644170368
-0.7253626813406697,-8.408426776666609
-0.7153576788394194,-3.9891538550638352
-0.705352676338169,-25.110911093712186
-0.6953476738369186,-18.097788281121815
-0.6853426713356683,-16.719060748197805
-0.6753376688344179,-17.559756654789485
-0.6653326663331676,-12.724572323420547
-0.6553276638319154,-6.519466281656692
-0.6453226613306651,-11.021751214661192
-0.6353176588294147,-22.56714905853
-0.6253126563281644,-23.495347219222403
-0.615307653826914,-7.72876376773428
-0.6053026513256636,-15.778264643804729
-0.5952976488244133,-8.484503422988775
-0.5852926463231611,-17.207301360598372
-0.5752876438219108,-15.373996212233827
-0.5652826413206604,-13.186659870824233
-0.5552776388194101,-7.983784068640103
-0.5452726363181597,-0.41231989647234135
-0.5352676338169093,-0.9247210567624342
-0.525262631315659,-1.2589754344194841
-0.5152576288144068,2.771596403683819
-0.5052526263131565,-2.985540066527502
-0.4952476238119061,4.486213669501515
-0.48524262131065576,-2.4423788184470894
-0.4752376188094054,7.328007234251412
-0.46523261630815504,13.096825172898567
-0.4552276138069029,6.358546697493446
-0.44522261130565255,1.5038311204342172
-0.4352176088044022,11.730886127745057
-0.42521260630315183,17.773152570118867
-0.41520760380190147,17.813933494500805
-0.4052026013006511,15.71290477156565
-0.39519759879940075,-0.7938235921029264
-0.3851925962981486,20.692740616086567
-0.37518759379689826,16.47660684602873
-0.3651825912956479,18.346533124701327
-0.35517758879439754,18.38279428901021
-0.3451725862931472,12.66228338459489
-0.3351675837918968,13.6258008683109
-0.32516258129064646,-2.5086584722442264
-0.3151575787893943,4.97483954359153
-0.30515257628814396,6.812731928396661
-0.2951475737868936,-8.48537182602794
-0.28514257128564324,4.2250712651237325
-0.2751375687843929,3.134866828296723
-0.2651325662831425,0.9045545548284788
-0.2551275637818904,9.810989564934118
-0.24512256128064003,5.246555147223204
-0.23511755877938967,-2.5059332933347105
-0.2251125562781393,6.254961167403534
-0.21510755377688895,9.758954677747315
-0.2051025512756386,12.119319387464435
-0.19509754877438823,-2.4056471271809
-0.1850925462731361,-2.7737081782483917
-0.17508754377188573,3.175596960159264
-0.16508254127063537,8.565830093350156
-0.15507753876938501,0.12894179288542507
-0.14507253626813466,0.04000772575260671
-0.1350675337668843,-3.281061058911245
-0.12506253126563394,-13.330149653105506
-0.1150575287643818,-5.910240212690598
-0.10505252626313144,2.798505606008325
-0.09504752376188108,1.344796600567335
-0.08504252126063072,6.317113608870838
-0.07503751875938036,4.5883146811080575
-0.06503251625813,6.223291805239898
-0.055027513756877866,-1.8627842890280064
-0.045022511255627506,6.107829052319843
-0.03501750875437715,12.78017520085408
-0.025012506253126787,13.402303590950012
-0.015007503751876428,5.621674483591061
-0.005002501250626068,17.123711920405412
0.005002501250624292,24.203737504393366
0.015007503751876428,23.425285816432336
0.025012506253126787,18.97174947386122
0.03501750875437715,30.443343697343234
0.045022511255627506,10.151233315956869
0.055027513756877866,13.089096168613935
0.06503251625812823,22.230774791711696
0.07503751875937859,39.85600685457561
0.08504252126063072,22.52150438930573
0.09504752376188108,19.810259832663395
0.10505252626313144,24.872794073035948
0.1150575287643818,33.974154162140174
0.12506253126563216,38.5778610365161
0.13506753376688252,28.059846712102186
0.14507253626813466,33.43053586092721
0.15507753876938501,25.794864842908954
0.16508254127063537,16.073539717061163
0.17508754377188573,23.33787150121164
0.1850925462731361,24.192180504231587
0.19509754877438645,18.62267187511472
0.2051025512756368,10.549423352158794
0.21510755377688895,17.629044458914812
0.2251125562781393,11.882375665229446
0.23511755877938967,22.594260533522537
0.24512256128064003,6.903377843770595
0.2551275637818904,6.644213178723109
0.26513256628314075,19.24016519350431
0.2751375687843911,1.4869975360268914
0.28514257128564324,-9.199783843504608
0.2951475737868936,4.121460097747221
0.30515257628814396,4.655291913746047
0.3151575787893943,-1.3907881952178003
0.3251625812906447,5.3414047643988924
0.33516758379189504,-0.05293696860548458
0.3451725862931454,-12.844980505603845
0.35517758879439754,-11.44651870096342
0.3651825912956479,-11.237840651079576
0.37518759379689826,-10.419769329336411
0.3851925962981486,-4.678538891665979
0.395197598799399,-14.074414008369633
0.40520260130064933,-13.085779240338113
0.41520760380190147,-1.5367740898710789
0.42521260630315183,-13.663871102628798
0.4352176088044022,-26.074025123094998
0.44522261130565255,-10.6977733432764
0.4552276138069029,-13.236990766249201
0.46523261630815327,-19.839278158799416
0.47523761880940363,-4.297360180175773
0.48524262131065576,-13.77566465658324
0.4952476238119061,-18.10725739132542
0.5052526263131565,-4.307565127636537
0.5152576288144068,-1.9564194847193739
0.5252626313156572,-8.93522878779835
0.5352676338169076,-1.2760994802703927
0.5452726363181579,-10.791461294941643
0.5552776388194101,-8.945453378500794
0.5652826413206604,-16.275243364408276
0.5752876438219108,-0.9823845277056886
0.5852926463231611,-0.23537328835656401
0.5952976488244115,-13.748184938077065
0.6053026513256619,-3.302137958977496
0.615307653826914,6.003217270609415
0.6253126563281644,10.554009454451611
0.6353176588294147,18.228937896762723
0.6453226613306651,15.221516014724525
0.6553276638319154,10.122224887486603
0.6653326663331658,-11.38003076152512
0.6753376688344161,7.859094164127473
0.6853426713356683,2.083006443789391
0.6953476738369186,2.0109557391617106
0.705352676338169,-3.2858884093792575
0.7153576788394194,-2.892468118247396
0.7253626813406697,6.954877911613638
0.7353676838419201,2.033035605069049
0.7453726863431704,-10.607697242043958
0.7553776888444226,7.883965050511809
0.7653826913456729,5.3332793195146415
0.7753876938469233,-4.53768854283587
0.7853926963481737,9.129541137542862
0.795397698849424,5.154290590962546
0.8054027013506744,1.4828800231543542
0.8154077038519265,-4.5281396646854155
0.8254127063531769,8.628326729069862
0.8354177088544272,-3.685566033523501
0.8454227113556776,-2.5232904848297837
0.855427713856928,-0.7465213941227011
0.8654327163581783,-7.729447093409996
0.8754377188594287,13.76274158993514
0.8854427213606808,-2.1045229939280894
0.8954477238619312,-0.7488006866645751
0.9054527263631815,1.7943370341745937
0.9154577288644319,-5.042198693212828
0.9254627313656822,-10.806073996861413
0.9354677338669326,-5.837219584992643
0.945472736368183,2.823639952404604
0.9554777388694351,-9.683599634095957
0.9654827413706855,-8.863462643758247
0.9754877438719358,11.671098410464605
0.9854927463731862,14.1473478782532
0.9954977488744365,-5.406052327105416
1.005502751375687,6.695278802965477
1.015507753876939,3.9271508225413307
1.0255127563781894,12.379510343925233
1.0355177588794398,9.937683232146568
1.0455227613806901,10.063088231187475
1.0555277638819405,7.773301040467477
1.0655327663831908,16.408495555019247
1.0755377688844412,7.480666810468132
1.0855427713856933,8.152286735374094
1.0955477738869437,-2.293649371269932
1.105552776388194,15.72121875615589
1.1155577788894444,4.708081592107111
1.1255627813906948,11.92133345164213
1.1355677838919451,13.750414978251861
1.1455727863931955,20.891836673812122
1.1555777888944476,30.58071337854052
1.165582791395698,26.484485947211766
1.1755877938969483,32.942944208762384
1.1855927963981987,30.111730505072835
1.195597798899449,23.04848222687209
1.2056028014006994,20.449558227853814
1.2156078039019498,18.833532113625353
1.225612806403202,21.532784457913365
1.2356178089044523,23.02338290027328
1.2456228114057026,16.079321443676044
1.255627813906953,19.65201148989575
1.2656328164082034,19.21232226297944
1.2756378189094537,3.114920438951186
1.2856428214107058,24.978863121928093
1.2956478239119562,24.683985583773424
1.3056528264132066,21.444715116508167
1.315657828914457,15.351105520629986
1.3256628314157073,8.562368875284989
1.3356678339169576,33.85079361567086
1.345672836418208,15.414520864654346
1.3556778389194601,21.547429605163202
1.3656828414207105,12.087122394924704
1.3756878439219609,22.148934590834592
1.3856928464232112,14.186662717431023
1.3956978489244616,10.264803605030131
1.405702851425712,9.715285738464505
1.4157078539269623,5.261675110899116
1.4257128564282144,12.846479667743033
1.4357178589294648,11.715710331374385
1.4457228614307152,7.611470263344299
1.4557278639319655,13.914828058226941
1.4657328664332159,5.384624596352223
1.4757378689344662,15.412153575865009
1.4857428714357184,1.8478713512944833
1.4957478739369687,3.86366469974649
1.505752876438219,25.50361928740473
1.5157578789394694,6.709468976858917
1.5257628814407198,11.706420368721291
1.5357678839419702,4.633314381597364
1.5457728864432205,8.712889648528488
1.5557778889444727,13.303039129011724
1.565782891445723,5.470784939574187
1.5757878939469734,15.201304269045568
1.5857928964482237,8.193176791240342
1.595797898949474,2.917934480695493
1.6058029014507245,3.7401279750207834
1.6158079039519748,3.8708262276939918
1.625812906453227,18.032715459372035
1.6358179089544773,8.869738425999815
1.6458229114557277,-1.8492698635493072
1.655827913956978,6.942420736852536
1.6658329164582284,6.059581093572325
1.6758379189594788,5.553504801186691
1.685842921460731,-0.12310957683033674
1.6958479239619813,11.639665116571685
1.7058529264632316,-1.6063315773441689
1.715857928964482,-5.674980056571865
1.7258629314657323,-3.457418756015758
1.7358679339669827,-6.640751340948292
1.745872936468233,3.999798199916148
1.7558779389694852,0.10444486995759705
1.7658829414707355,2.05588293790972
1.775887943971986,-19.96512606779259
1.7858929464732363,-7.889514194347212
1.7958979489744866,-5.39264855701382
1.805902951475737,-6.483994866853763
1.8159079539769873,-9.147870674213701
1.8259129564782395,-17.275795734631654
1.8359179589794898,11.148245431102355
1.8459229614807402,-0.9751268041856239
1.8559279639819906,-9.854887042150349
1.865932966483241,3.4317874292945034
1.8759379689844913,-12.14121487959803
1.8859429714857434,-3.5980848155948686
1.8959479739869938,-8.346429370434366
1.9059529764882441,-2.6725819583716626
1.9159579789894945,-7.128439921025797
1.9259629814907449,2.458297055095917
1.9359679839919952,-17.149077203447483
1.9459729864932456,-29.454037466159086
1.9559779889944977,-12.359017039399705
1.965982991495748,-7.889623768059719
1.9759879939969984,-13.332999188771053
1.9859929964982488,-11.23682641322851
1.9959979989994991,-1.9493366416939444
2.0060030015007495,-2.638696144677075
2.016008004002,-11.628274676245994
2.026013006503252,-10.594091763170946
2.0360180090045024,4.174521733701731
2.0460230115057527,-6.106472061382626
2.056028014007003,-16.06808715095194
2.0660330165082534,-5.899886600814071
2.076038019009504,7.740569823316968
2.086043021510754,8.979345392645438
2.0960480240120063,-2.5408564524146406
2.1060530265132567,4.188984917004232
2.116058029014507,16.07637021863739
2.1260630315157574,-2.768312620741166
2.1360680340170077,-2.435164035654764
2.146073036518258,-1.8339499404201014
2.1560780390195102,-2.1634450150216638
2.1660830415207606,25.3496032328634
2.176088044022011,5.4368593187639105
2.1860930465232613,7.3707114104764235
2.1960980490245117,11.656555931273813
2.206103051525762,-5.066861626312173
2.2161080540270124,6.845070447265718
2.2261130565282645,29.46827907411165
2.236118059029515,23.551628631516383
2.2461230615307652,7.6816206646309295
2.2561280640320156,1.6688351541023572
2.266133066533266,14.046079382267745
2.2761380690345163,12.603159964177696
2.2861430715357667,5.320232153178287
2.296148074037019,14.839889059334459
2.306153076538269,4.016533288435993
2.3161580790395195,3.1933756924686394
2.32616308154077,17.825414625183587
2.3361680840420203,0.22500379730359743
2.3461730865432706,-1.092150345920432
2.3561780890445227,17.978237760680123
2.366183091545773,11.939116613787577
2.3761880940470235,9.754338941375789
2.386193096548274,2.5531130709838163
2.396198099049524,5.640252894687327
2.4062031015507745,12.279772743317068
2.416208104052025,2.4837655573265223
2.426213106553277,20.45190452619871
2.4362181090545274,14.919555489065743
2.4462231115557778,13.823700581786696
2.456228114057028,2.697291060882459
2.4662331165582785,14.534492266538628
2.476238119059529,-4.138075236698593
2.486243121560779,5.075419756344213
2.4962481240620313,9.49763573850636
2.5062531265632817,3.465537524772279
2.516258129064532,14.40799921153171
2.5262631315657824,2.9086409661320696
2.5362681340670328,13.045222316217416
2.546273136568283,28.31101208648155
2.5562781390695353,28.15349624650683
2.5662831415707856,19.749512551767854
2.576288144072036,13.621710172750532
2.5862931465732864,17.270991341005626
2.5962981490745367,14.10927838944852
2.606303151575787,19.69241290033616
2.6163081540770374,14.225118437320958
2.6263131565782896,19.313347600103533
2.63631815907954,21.272373577682757
2.6463231615807903,14.229712050207644
2.6563281640820406,18.975379652090133
2.666333166583291,17.231548119506183
2.6763381690845414,23.079867796742484
2.6863431715857917,21.473915485099244
2.696348174087044,25.23182390527426
2.706353176588294,29.455974077669072
2.7163581790895446,26.716014460977473
2.726363181590795,30.169072441288478
2.7363681840920453,26.100424737274793
2.7463731865932957,15.908158449783997
2.756378189094548,20.641903152434406
2.766383191595798,21.45311133306997
2.7763881940970485,15.387762285984756
2.786393196598299,24.272495140761407
2.7963981990995492,12.508242310844174
2.8064032016007996,19.483021439943993
2.81640820410205,11.462170996515338
2.826413206603302,2.9141303820995605
2.8364182091045524,0.6223201178915596
2.846423211605803,1.730887907843293
2.856428214107053,8.91024636545502
2.8664332166083035,-9.057447262574348
2.876438219109554,0.24291574954615425
2.8864432216108042,0.7616236291566645
2.8964482241120564,-17.065754036073088
2.9064532266133067,-14.02037959594158
2.916458229114557,-0.8558292134086904
2.9264632316158075,-6.075217506695944
2.936468234117058,-5.889777299390018
2.946473236618308,-15.852658870250442
2.9564782391195585,-9.053073935025218
2.9664832416208107,-10.738116046733783
2.976488244122061,-23.973171534960127
2.9864932466233114,-24.854716149503997
2.9964982491245618,-10.550672667405543
3.006503251625812,-23.5015379057006
3.0165082541270625,-24.25367879068733
3.0265132566283146,-14.611688612667173
3.036518259129565,-28.136499645274956
3.0465232616308153,-23.331106352039345
3.0565282641320657,-23.58951927094283
3.066533266633316,-11.362713964944746
3.0765382691345664,-3.4694236018048956
3.0865432716358168,-6.524246159140647
3.096548274137069,-10.232568889803993
3.1065532766383193,-9.126171450416571
3.1165582791395696,9.218769120804406
3.12656328164082,-16.86071717752415
3.1365682841420703,-1.8435245057711198
3.1465732866433207,-0.33819351904461126
3.156578289144571,1.3371419799462583
3.166583291645823,2.5436220008041186
3.1765882941470736,5.360023510342263
3.186593296648324,-1.8797387257386369
3.1965982991495743,2.270996783684655
3.2066033016508246,2.4659801099630982
3.216608304152075,10.33291758470915
3.226613306653327,2.3871125917000846
3.2366183091545775,5.3497657619883086
3.246623311655828,8.115957008879526
3.256628314157078,4.519078755804856
3.2666333166583286,13.176786764968078
3.276638319159579,15.747379841490902
3.2866433216608293,4.924153325251122
3.2966483241620814,9.074637501776174
3.306653326663332,13.038865668532447
3.316658329164582,3.353635148153139
3.3266633316658325,12.277147635160564
3.336668334167083,7.60670551629137
3.346673336668333,14.383780307297194
3.3566783391695836,3.651828980173605
3.3666833416708357,4.080465506586522
3.376688344172086,14.479436087894644
3.3866933466733364,14.129389620494788
3.396698349174587,4.651936283230885
3.406703351675837,-2.7621083102852078
3.4167083541770875,9.958020362158967
3.4267133566783397,1.5146537547440984
3.43671835917959,1.1314394170932363
3.4467233616808404,1.640525656749986
3.4567283641820907,-2.966720628790794
3.466733366683341,10.815500261496867
3.4767383691845914,-3.3305259688438373
3.486743371685842,-5.652301583364776
3.496748374187094,11.664631991669651
3.5067533766883443,-1.5935930202780515
3.5167583791895947,-12.052963101614571
3.526763381690845,-11.558368172213994
3.5367683841920954,6.572556481170954
3.5467733866933457,0.6181153071379377
3.556778389194596,-2.461751008767566
3.5667833916958482,2.4697129984323327
3.5767883941970986,10.138254643072969
3.586793396698349,11.072176104518338
3.5967983991995993,5.907419351365201
3.6068034017008497,8.642795573295597
3.6168084042021,11.487290397757572
3.626813406703352,-2.5796220321547474
3.6368184092046025,7.7573125249261965
3.646823411705853,7.809132549546704
3.6568284142071033,9.909468452331607
3.6668334167083536,9.31275280205292
3.676838419209604,2.2822404113565664
3.6868434217108543,22.568492795650048
3.6968484242121065,24.390686193475297
3.706853426713357,6.8586012184288
3.716858429214607,25.142142646456602
3.7268634317158575,18.90071276602275
3.736868434217108,29.879811388146845
3.7468734367183583,33.18453198586931
3.7568784392196086,22.487769900932555
3.7668834417208608,32.799371589092736
3.776888444222111,39.48197955772038
3.7868934467233615,25.92472710005591
3.796898449224612,25.299349346397406
3.806903451725862,17.83713037987861
3.8169084542271126,22.715672010692614
3.826913456728363,27.940138915965598
3.836918459229615,33.3504799298277
3.8469234617308654,20.42573313732766
3.8569284642321158,25.130374552541284
3.866933466733366,28.586867168391514
3.8769384692346165,27.190078265114224
3.886943471735867,21.99672891227394
3.896948474237119,2.38675154475908
3.9069534767383693,13.29665398606826
3.9169584792396197,19.65970049899316
3.92696348174087,30.62555706311385
3.9369684842421204,18.74693107311149
3.946973486743371,21.327569686014176
3.956978489244621,14.180944484303025
3.9669834917458733,20.287162657226816
3.9769884942471236,23.548443121080716
3.986993496748374,17.028284826773188
3.9969984992496244,10.052554283348188
4.007003501750875,-3.225668188716859
4.017008504252125,-1.4651159826358517
4.027013506753375,18.05937222118448
4.037018509254628,13.263627545353732
4.047023511755878,-12.067037064741932
4.057028514257128,1.2533816130342275
4.067033516758379,0.2712349328588246
4.077038519259629,-5.327041633256091
4.087043521760879,-10.392559346178846
4.0970485242621315,3.006548425593212
4.107053526763382,1.8776986414819987
4.117058529264632,5.071901871756257
4.127063531765883,5.531170042647883
4.137068534267133,-6.588921257439683
4.147073536768383,-2.232076109875712
4.157078539269634,-7.391124462522731
4.167083541770886,-8.330813661964198
4.177088544272136,-11.427526407678055
4.1870935467733865,2.7035651754198025
4.197098549274637,-7.596604856883167
4.207103551775887,-5.894448669439422
4.217108554277138,6.62411030561285
4.227113556778388,-2.5772341908411898
4.23711855927964,-17.498669766275007
4.2471235617808905,-12.246518535633507
4.257128564282141,-1.6645345763013988
4.267133566783391,-0.7377963638906513
4.2771385692846415,-1.7216766042160976
4.287143571785892,-10.82380001046063
4.297148574287144,-3.635454776207669
4.307153576788394,5.4355211643239745
4.317158579289645,-2.310930302918065
4.327163581790895,-7.134026066710069
4.3371685842921455,8.042602355065304
4.347173586793396,-0.8169262727967337
4.357178589294646,-0.009102832982044395
4.367183591795898,-1.4451191020660232
4.377188594297149,-1.7107436277796326
4.387193596798399,2.877196266412178
4.397198599299649,-9.5609833127123
4.4072036018009,-11.56780847827794
4.41720860430215,-0.22454936605578446
4.4272136068034005,-5.354144207716031
4.437218609304653,-8.203713698975127
4.447223611805903,2.130759671927079
4.457228614307153,-3.7051389203776353
4.467233616808404,-5.7160716274860395
4.477238619309654,13.038692701911941
4.487243621810904,-4.366189358738407
4.4972486243121566,1.4800124014554825
4.507253626813407,-4.3910601820939625
4.517258629314657,-7.877946287483707
4.527263631815908,-6.342745669557272
4.537268634317158,-14.676263853793586
4.547273636818408,-6.1300013042046615
4.557278639319659,-23.41151606931539
4.567283641820911,-12.57339152145942
4.577288644322161,-4.975004451533436
4.587293646823412,-2.2342943669547743
4.597298649324662,-2.7198828770405754
4.607303651825912,-0.8617774608638298
4.617308654327163,-0.0843001591385506
4.627313656828413,-4.230311868614132
4.637318659329665,-6.805114433864698
4.6473236618309155,-7.372636201498956
4.657328664332166,5.351463153629295
4.667333666833416,0.7543584620253694
4.677338669334667,3.636366905041161
4.687343671835917,15.188449791565876
4.697348674337167,-4.748022658399994
4.707353676838419,11.694612417066644
4.71735867933967,9.040452549314635
4.72736368184092,5.694172712192352
4.7373686843421705,15.314443080624491
4.747373686843421,10.778781949510824
4.757378689344671,9.461939747594709
4.767383691845923,12.93242857709904
4.777388694347174,16.47529442415434
4.787393696848424,17.26228422075992
4.7973986993496744,21.1781813263366
4.807403701850925,9.58970351986378
4.817408704352175,13.217520584359717
4.8274137068534255,21.500874668931104
4.837418709354678,23.665957046980463
4.847423711855928,24.478079974267168
4.857428714357178,10.882935213219064
4.867433716858429,16.915051723086584
4.877438719359679,13.099722259543011
4.8874437218609295,12.307974857747416
4.89744872436218,18.586384752186824
4.907453726863432,10.972862657901153
4.917458729364682,22.595536181214847
4.927463731865933,15.90481817783773
4.937468734367183,8.655704701881776
4.947473736868433,6.773068914260442
4.957478739369684,10.76406490373479
4.967483741870936,7.40856095968576
4.977488744372186,17.78751650676612
4.987493746873437,20.303502251727224
4.997498749374687,15.290300117010164
5.007503751875937,25.394590233539372
5.017508754377188,15.506859911244828
5.027513756878438,9.948194151289146
5.03751875937969,12.314743440338184
5.0475237618809405,21.58126459224229
5.057528764382191,10.96114131488994
5.067533766883441,16.039044373283843
5.077538769384692,13.745865023402443
5.087543771885942,11.620372069614534
5.097548774387192,5.6668263542229855
5.1075537768884445,8.514692593253189
5.117558779389695,6.156582184204393
5.127563781890945,15.062301518963174
5.1375687843921956,8.560350304724338
5.147573786893446,17.652275543985564
5.157578789394696,8.34770187488873
5.167583791895948,11.09604206894291
5.177588794397199,24.066361022939134
5.187593796898449,11.72137400767334
5.1975987993996995,16.03888359024509
5.20760380190095,19.49054265762353
5.2176088044022,10.197915529616782
5.227613806903451,16.02118805146509
5.237618809404703,13.124361767223599
5.247623811905953,6.937221950400561
5.257628814407203,16.9542347753183
5.267633816908454,18.959068372425524
5.277638819409704,1.7405122544606524
5.2876438219109545,21.269700844083086
5.297648824412205,9.709062280693688
5.307653826913457,15.659777103217207
5.317658829414707,12.883754704515901
5.327663831915958,13.474383804629436
5.337668834417208,7.519086080247471
5.347673836918458,15.49760874599506
5.357678839419709,13.213730716953293
5.367683841920961,16.889537383959134
5.377688844422211,5.692304974761262
5.387693846923462,9.527703003472352
5.397698849424712,6.1313624747196185
5.407703851925962,2.168709369410079
5.417708854427213,-15.757054708638194
5.427713856928463,4.273519684030894
5.437718859429715,-9.092538981193394
5.447723861930966,-5.358230644620005
5.457728864432216,18.165115880502988
5.467733866933466,-5.458387455337451
5.477738869434717,2.402007569057326
5.487743871935967,-13.481050795073948
5.497748874437217,-14.531202071397132
5.5077538769384695,-14.986711979129446
5.51775887943972,-4.5394081548241285
5.52776388194097,-12.20119328055195
5.537768884442221,-13.196830847963774
5.547773886943471,-13.515412183826772
5.557778889444721,-6.260667239639832
5.567783891945972,-5.340465835905473
5.577788894447224,-11.761392680642935
5.587793896948474,-8.700032737318622
5.5977988994497245,-3.9910156709321782
5.607803901950975,-9.395406114808196
5.617808904452225,-28.69143539754004
5.627813906953476,-18.629785396652082
5.637818909454728,-14.869671352259402
5.647823911955978,-29.635393734687817
5.6578289144572285,-16.35953108974647
5.667833916958479,-16.2002566019755
5.677838919459729,-0.23512077000715048
5.6878439219609795,-21.0936505257688
5.69784892446223,-8.241264992382497
5.707853926963482,-22.87053581235029
5.717858929464732,-2.330360637720979
5.727863931965983,-11.177485431744048
5.737868934467233,-1.2776616668037155
5.7478739369684835,-12.276609717189142
5.757878939469734,-6.135182144743015
5.767883941970984,8.634265091617777
5.777888944472236,1.5795671872587094
5.787893946973487,-6.891808215766188
5.797898949474737,2.046521834033949
5.807903951975987,-3.8265841185839395
5.817908954477238,12.022472093638527
5.827913956978488,8.886888400367638
5.83791895947974,20.759355443266728
5.847923961980991,7.66033786321278
5.857928964482241,27.984971738494895
5.867933966983491,9.77853541243544
5.877938969484742,-2.1272229366566773
5.887943971985992,25.326274956642965
5.897948974487242,20.81058976587726
5.907953976988495,10.089710743596942
5.917958979489745,24.816493368536328
5.927963981990995,14.117120973895933
5.937968984492246,9.388109239779334
5.947973986993496,12.540359292678815
5.957978989494746,2.2522075889837287
5.967983991995997,13.061537620350816
5.977988994497249,2.1938609553245243
5.987993996998499,0.390842197258638
5.99799899949975,12.87114266841861
6.008004002001002,10.293529451165272
6.01800900450225,5.445949353182937
6.028014007003502,3.336874769365978
6.038019009504751,-4.9441650833858475
6.048024012006003,0.6424547982518352
6.058029014507252,7.660808568118554
6.068034017008504,9.656517634086285
6.078039019509756,2.5128521396449077
6.088044022011005,13.340910313192257
6.098049024512257,6.147414103254606
6.108054027013505,-0.4846442782458964
6.118059029514757,-0.3256860201907159
6.128064032016006,-5.2522427002855485
6.138069034517258,-2.9698761869282087
6.14807403701851,-11.348797359458224
6.158079039519759,9.526565002022592
6.168084042021011,-2.253938723583802
6.17808904452226,1.469039989513011
6.188094047023512,-11.3187017708518
6.19809904952476,18.31183344867033
6.2081040520260125,8.168913523559118
6.218109054527265,25.607510125432142
6.228114057028513,24.348471661213075
6.238119059529765,16.31423052216184
6.248124062031014,15.570205196220318
6.258129064532266,12.08763839751677
6.268134067033515,16.495364111888136
6.278139069534767,8.42625503635632
6.288144072036019,10.263781942355545
6.2981490745372675,16.2886615236199
6.30815407703852,17.421957464676744
6.318159079539768,23.85906792201973
6.32816408204102,17.64686236690376
6.338169084542269,18.107892385672134
6.348174087043521,23.220191740985705
6.358179089544773,13.687512209741996
6.368184092046022,24.54341613875389
6.378189094547274,20.457151702647643
6.3881940970485225,20.898409393616713
6.398199099549775,31.331011966508804
6.408204102051027,34.82292519702317
6.418209104552275,32.14192005219951
6.4282141070535275,35.80566822279983
6.438219109554776,26.262633606049047
6.448224112056028,14.947071723621098
6.458229114557277,32.3979587858277
6.468234117058529,43.11305513415265
6.478239119559781,42.07353318669864
6.48824412206103,33.244904582909435
6.498249124562282,7.609707359801844
6.50825412706353,22.781447192247693
6.5182591295647825,14.977650850363547
6.528264132066031,9.786699263676716
6.538269134567283,22.241709298571834
6.548274137068535,15.594982135363898
6.558279139569784,0.3424028918978461
6.568284142071036,3.592119128360989
6.578289144572285,3.8031341239724354
6.588294147073537,17.36140066002466
6.598299149574785,18.832597208060577
6.6083041520760375,10.707049725183861
6.61830915457729,8.80480296566814
6.628314157078538,-0.08531594402222709
6.63831915957979,-5.528404015106146
6.648324162081039,-12.886751641405361
6.658329164582291,-12.563288560316622
6.66833416708354,-5.903581453999484
6.678339169584792,-27.159046423605282
6.688344172086044,-19.849892478723753
6.6983491745872925,-15.840749920593368
6.708354177088545,-20.06690285919698
6.718359179589793,-28.912052160330088
6.728364182091045,-3.739198694849984
6.738369184592294,7.0363540726044205
6.748374187093546,-3.872463849308883
6.758379189594798,-9.505618965123848
6.768384192096047,-7.092193858793539
6.778389194597299,-13.029127430529815
6.7883941970985475,-12.816239364246389
6.7983991995998,-19.67541144073473
6.808404202101052,-4.732074553491977
6.8184092046023,-1.9274263270563203
6.8284142071035525,-11.223450049170179
6.838419209604801,-8.566339694609358
6.848424212106053,-10.7405232926214
6.858429214607302,-12.38021833877455
6.868434217108554,-8.06483608197025
6.878439219609806,-7.212621968105923
6.888444222111055,-2.7400044969574635
6.898449224612307,-5.523374590317163
6.908454227113555,-2.5631912973633892
6.9184592296148075,11.629525641845467
6.928464232116056,4.0692696161072295
6.938469234617308,13.152659439118057
6.94847423711856,13.810158522221872
6.958479239619809,10.984524744355099
6.968484242121061,9.304564662947678
6.97848924462231,3.1673392953965642
6.988494247123562,7.297919115010716
6.99849924962481,14.2700106821965
7.0085042521260625,1.4865607583216573
7.018509254627315,1.267554495962722
7.028514257128563,-0.9124878187114527
7.038519259629815,6.127661062732723
7.048524262131064,-4.3849612613096
7.058529264632316,-1.3706210039838527
7.068534267133565,6.679649942902886
7.078539269634817,0.9085451572141239
7.088544272136069,5.221269490693305
7.0985492746373176,0.10074630502643966
7.10855427713857,7.192009578436984
7.118559279639818,2.383882003053957
7.12856428214107,-2.824279628229355
7.138569284642319,3.185926738863923
7.148574287143571,-2.766358529373419
7.158579289644823,-2.639733767942583
7.168584292146072,3.0065407064394147
7.178589294647324,6.913623969074409
7.188594297148573,0.9126150536440334
7.198599299649825,0.5243548647932483
7.208604302151073,-8.537071742853817
7.218609304652325,6.120510308439566
7.228614307153578,6.74720935170076
7.238619309654826,9.706615466520132
7.248624312156078,-11.748672906188636
7.258629314657327,13.04542563293335
7.268634317158579,-4.082206292235513
7.278639319659831,4.840038616682877
7.28864432216108,14.386772839121456
7.298649324662332,2.7266609661222807
7.30865432716358,15.593421230477531
7.318659329664833,6.663737918146464
7.328664332166081,13.425384229729868
7.338669334667333,9.17119620789694
7.348674337168585,4.3346506786894325
7.358679339669834,5.844590868476198
7.368684342171086,7.7660229394753095
7.378689344672335,14.419985678361169
7.388694347173587,13.474628866333068
7.3986993496748354,8.897148301336635
7.408704352176088,13.156310686087181
7.41870935467734,9.389648643486364
7.428714357178588,24.541290319018007
7.43871935967984,25.460294949278353
7.448724362181089,19.41425011640911
7.458729364682341,15.729818495210509
7.46873436718359,24.828240548912188
7.478739369684842,35.98009129223502
7.488744372186094,19.89161846061471
7.498749374687343,15.564940691760873
7.508754377188595,29.112127611793408
7.518759379689843,25.264932934328687
7.5287643821910955,29.70260575183349
7.538769384692344,13.168068388388798
7.548774387193596,22.202885256148676
7.558779389694848,10.49390828411007
7.568784392196097,19.623942293912798
7.578789394697349,22.379623700463814
7.588794397198598,26.724173394064394
7.59879939969985,26.646959806364723
7.608804402201098,25.60725095516355
7.6188094047023505,28.795722443434016
7.628814407203603,22.817271307771133
7.638819409704851,24.614803917224258
7.648824412206103,12.351376191047049
7.658829414707352,18.978674848448982
7.668834417208604,18.196496360490354
7.678839419709856,14.282488086552792
7.688844422211105,17.93960168049038
7.698849424712357,7.631942675528851
7.7088544272136055,9.361363724749303
7.718859429714858,7.581587855767294
7.728864432216106,-1.785172624801941
7.738869434717358,8.710915716205822
7.7488744372186105,20.037967040877604
7.758879439719859,-3.6837604387880276
7.768884442221111,17.719271619178354
7.77888944472236,10.021237090437483
7.788894447223612,-0.767997769550274
7.7988994497248605,6.511711836920127
7.808904452226113,8.734623176277225
7.818909454727365,16.790372736142313
7.828914457228613,10.11456403787588
7.8389194597298655,1.9001574300831536
7.848924462231114,19.900172837238358
7.858929464732366,11.144297663401332
7.868934467233615,0.4897776979316695
7.878939469734867,-1.9316922106462662
7.888944472236119,1.2871314944327854
7.898949474737368,4.8458776019520275
7.90895447723862,0.10319802168597286
7.918959479739868,3.084807797694328
7.9289644822411205,7.535138385694182
7.938969484742369,-4.67958237478191
7.948974487243621,-0.45567313266752985
7.958979489744873,2.7411484392997103
7.968984492246122,10.0558805664979
7.978989494747374,11.48525905040111
7.988994497248623,-11.63454218685208
7.998999499749875,15.154973689019268
8.009004502251123,-2.1157205021496477
8.019009504752376,7.379918015270458
8.029014507253628,7.896182663252624
8.039019509754876,-6.929644001351827
8.049024512256128,-3.032765468334781
8.059029514757377,-1.3844777923841018
8.069034517258629,-18.011590659994173
8.079039519759878,-12.976879016342043
8.08904452226113,-3.7306307775849072
8.099049524762382,-6.532379643912405
8.10905452726363,-3.3939897883939025
8.119059529764883,-8.33334750251203
8.129064532266131,-4.396467459228875
8.139069534767383,-4.728116967517333
8.149074537268636,-10.204217306003745
8.159079539769884,-11.13982105282631
8.169084542271136,-16.364112871231363
8.179089544772385,-10.9893074600593
8.189094547273637,-7.324244710934073
8.199099549774886,-21.266422436848487
8.209104552276138,-22.89385848692643
8.21910955477739,-8.729250704446207
8.229114557278638,-2.348190566683332
8.23911955977989,3.6312707908074584
8.249124562281139,-21.809675810959625
8.259129564782391,-12.975927998874699
8.26913456728364,-11.90806746705173
8.279139569784892,-15.182182583647409
8.289144572286144,-8.349653866827072
8.299149574787393,-8.178177837524888
8.309154577288645,-12.320987388832389
8.319159579789893,9.31980128842455
8.329164582291146,-1.7592146157912134
8.339169584792394,-1.1350807877298301
8.349174587293646,-1.4312379383811682
8.359179589794898,2.4620213427840176
8.369184592296147,5.277472272439666
8.379189594797399,-4.115791412212266
8.389194597298648,-1.3615650921467854
8.3991995997999,7.794068692178783
8.409204602301148,0.6370183825297526
8.4192096048024,8.611665983795222
8.429214607303653,8.052156432985386
8.439219609804901,8.373699687232042
8.449224612306153,15.615136371223482
8.459229614807402,12.056048857045393
8.469234617308654,15.188223118609775
8.479239619809903,13.461635132246021
8.489244622311155,2.984248274256692
8.499249624812407,13.801124204781836
8.509254627313656,19.47457148971655
8.519259629814908,10.555497575462134
8.529264632316156,14.361119064140189
8.539269634817408,12.859357396811234
8.54927463731866,21.842003968824486
8.55927963981991,8.218345879373736
8.569284642321161,8.71220061431992
8.57928964482241,-4.437479511968217
8.589294647323662,8.761975543953522
8.59929964982491,0.3973748296839892
8.609304652326163,9.27122529909819
8.619309654827415,11.020108412450625
8.629314657328663,13.260850658487298
8.639319659829916,3.096168038719307
8.649324662331164,18.664005395045145
8.659329664832416,17.127318025013864
8.669334667333665,19.16864893390594
8.679339669834917,16.333001685490387
8.68934467233617,5.904072620294464
8.699349674837418,12.071466432129297
8.70935467733867,19.496276106744585
8.719359679839918,1.9883206433154523
8.72936468234117,15.664387103995635
8.73936968484242,9.39471056202763
8.749374687343671,11.427503854824222
8.759379689844923,17.570761881605296
8.769384692346172,12.01035249074927
8.779389694847424,-0.9521191197191463
8.789394697348673,8.914239568474006
8.799399699849925,11.849269509890943
8.809404702351173,10.447630576290177
8.819409704852426,7.834567898496233
8.829414707353678,20.55152379445377
8.839419709854926,17.426819288504117
8.849424712356178,25.053928288211694
8.859429714857427,19.666787490061683
8.86943471735868,18.43490681423106
8.879439719859928,25.952086527817286
8.88944472236118,21.212620832546552
8.899449724862432,2.0263130051630878
8.90945472736368,12.233547287700912
8.919459729864933,26.73052353825744
8.929464732366181,29.499828238693016
8.939469734867433,22.235664513152713
8.949474737368682,18.73058005092143
8.959479739869934,28.37698090715224
8.969484742371186,18.014321178741014
8.979489744872435,16.25648267288066
8.989494747373687,29.718880663844306
8.999499749874936,30.7832515844202
9.009504752376188,22.690239672711446
9.01950975487744,26.018649240573847
9.029514757378688,13.719626427444853
9.03951975987994,23.35979519742717
9.04952476238119,24.593607812656934
9.059529764882441,20.00675323615284
9.06953476738369,28.491243611649807
9.079539769884942,14.541158301853109
9.089544772386194,17.341374249906295
9.099549774887443,19.024716322572967
9.109554777388695,4.79195567201982
9.119559779889943,-1.4644838172394916
9.129564782391196,-1.5324956947316615
9.139569784892444,11.16102279943977
9.149574787393696,-7.159567408565884
9.159579789894948,3.3821116151265085
9.169584792396197,0.9009820109815418
9.17958979489745,3.97731584767222
9.189594797398698,6.1757620947033285
9.19959979989995,-17.442382649355967
9.209604802401198,-10.945461590979484
9.21960980490245,-16.092675279684848
9.229614807403703,-13.225583112724058
9.239619809904951,-10.137884101985305
9.249624812406203,-5.434282547246269
9.259629814907452,-29.772385451722833
9.269634817408704,-30.769431058579094
9.279639819909953,-14.822922954571167
9.289644822411205,-9.010729585131262
9.299649824912457,-18.244168201363617
9.309654827413706,-12.01034976710731
9.319659829914958,-23.678176335355403
9.329664832416206,-16.27752927541924
9.339669834917459,-17.53901780435471
9.349674837418707,1.552482954820877
9.35967983991996,-18.941521962306428
9.369684842421211,-18.756545916445468
9.37968984492246,-14.90017778315346
9.389694847423712,-7.843138434017324
9.39969984992496,-6.977758116207406
9.409704852426213,-14.608467714625942
9.419709854927465,-10.37673818481813
9.429714857428714,-11.749258009082958
9.439719859929966,11.914850868342295
9.449724862431214,4.139814641691233
9.459729864932466,6.811017216431091
9.469734867433715,-11.186535236247265
9.479739869934967,-7.852508818016602
9.48974487243622,0.4896667655918748
9.499749874937468,-5.521053156655985
9.50975487743872,10.934517911348637
9.519759879939969,0.9193852131235061
9.52976488244122,17.841967880339375
9.53976988494247,6.912267427001761
9.549774887443721,2.664060173584498
9.559779889944974,25.816488271256535
9.569784892446222,2.806685720509756
9.579789894947474,7.801080385463896
9.589794897448723,8.323186359256106
9.599799899949975,5.3088210798268385
9.609804902451224,2.3054225353318962
9.619809904952476,-9.957303898744179
9.629814907453728,8.495555909295476
9.639819909954976,15.64233767263465
9.649824912456229,8.431116984777875
9.659829914957477,0.25974996435907927
9.66983491745873,-2.591404682119485
9.679839919959978,-8.152713832747892
9.68984492246123,8.731798350745471
9.699849924962482,2.4891754133304453
9.70985492746373,1.911868610153812
9.719859929964983,-4.2026297334718095
9.729864932466231,7.686888779615434
9.739869934967484,8.084798616211058
9.749874937468732,-10.156486932904734
9.759879939969984,4.638890265799225
9.769884942471236,-0.14939139935509305
9.779889944972485,3.4328946239304847
9.789894947473737,-9.367992087546611
9.799899949974986,9.341821054505935
9.809904952476238,-14.806039291461182
9.819909954977486,2.7739389234597933
9.829914957478739,7.611418916170613
9.83991995997999,12.57721576743251
9.84992496248124,1.7770333703418058
9.859929964982491,7.589324868479425
9.86993496748374,-0.1284557020634921
9.879939969984992,-1.3278821391397773
9.889944972486244,6.485323205681103
9.899949974987493,4.735205872009641
9.909954977488745,13.172640103566295
9.919959979989994,-0.1529987223247462
9.929964982491246,13.369305644846285
9.939969984992494,11.132026500086702
9.949974987493746,25.58400468428059
9.959979989994999,9.961536593366278
9.969984992496247,14.702512449373014
9.9799899949975,9.376917293339698
9.989994997498748,11.449523613673303
10.0,22.981512908409552
